{
    "train_loss": [
        2.863104820251465,
        2.6804721355438232,
        2.561875820159912,
        2.501521587371826,
        2.4775521755218506,
        2.4537010192871094,
        2.454596996307373,
        2.437317132949829,
        2.431898593902588,
        2.430482864379883,
        2.423637866973877,
        2.40973162651062,
        2.417764663696289,
        2.414024829864502,
        2.401613235473633,
        2.403425455093384,
        2.4053964614868164,
        2.3928956985473633,
        2.3914358615875244,
        2.383795976638794,
        2.3900699615478516,
        2.3830299377441406,
        2.3749842643737793,
        2.374086380004883,
        2.3712172508239746,
        2.376363515853882,
        2.378170967102051,
        2.374001979827881,
        2.3734514713287354,
        2.371098756790161,
        2.373626947402954,
        2.365330219268799,
        2.3648648262023926,
        2.3614397048950195,
        2.369398355484009,
        2.3559954166412354,
        2.367119789123535,
        2.3628900051116943,
        2.36474871635437,
        2.3609039783477783,
        2.364441394805908,
        2.364027261734009,
        2.356518507003784,
        2.351656198501587,
        2.3531155586242676,
        2.353214740753174,
        2.3495032787323,
        2.351231098175049,
        2.3556578159332275,
        2.3465282917022705,
        2.3485844135284424,
        2.353516101837158,
        2.348098039627075,
        2.3477909564971924,
        2.349451780319214,
        2.3485121726989746,
        2.3482887744903564,
        2.3481650352478027,
        2.3484394550323486,
        2.3514692783355713,
        2.3388099670410156,
        2.3414580821990967,
        2.345900297164917,
        2.3457486629486084,
        2.341580629348755,
        2.33952260017395,
        2.3320672512054443,
        2.3399486541748047,
        2.3453803062438965,
        2.344741106033325,
        2.339099884033203,
        2.3428127765655518,
        2.3370141983032227,
        2.341876983642578,
        2.33406662940979,
        2.340606212615967,
        2.336016893386841,
        2.335794448852539,
        2.338568687438965,
        2.330941677093506,
        2.3339576721191406,
        2.340524673461914,
        2.3396451473236084,
        2.335144519805908,
        2.337519884109497
    ],
    "val_loss": [
        2.863104820251465,
        2.648916244506836,
        2.6316683292388916,
        2.6228668689727783,
        2.6152608394622803
    ],
    "train_metric": [
        0.0010498047340661287,
        0.09930108487606049,
        0.20617376267910004,
        0.27826419472694397,
        0.314508855342865,
        0.3142252266407013,
        0.3345569968223572,
        0.330826073884964,
        0.33217984437942505,
        0.3355346620082855,
        0.32930833101272583,
        0.3375106453895569,
        0.3456353545188904,
        0.3419683873653412,
        0.336350679397583,
        0.3364737629890442,
        0.346512109041214,
        0.3560963571071625,
        0.35512566566467285,
        0.34273824095726013,
        0.3503034710884094,
        0.340537965297699,
        0.3447607159614563,
        0.35417863726615906,
        0.3486650288105011,
        0.3375934660434723,
        0.34627681970596313,
        0.34696894884109497,
        0.346882164478302,
        0.3454042971134186,
        0.343450665473938,
        0.3447186350822449,
        0.3433055579662323,
        0.33729416131973267,
        0.35532766580581665,
        0.36133575439453125,
        0.34519240260124207,
        0.35291722416877747,
        0.34541380405426025,
        0.34548118710517883,
        0.3346855640411377,
        0.36126959323883057,
        0.3553869426250458,
        0.35735347867012024,
        0.3523922860622406,
        0.34377169609069824,
        0.35146433115005493,
        0.3507117033004761,
        0.3450011909008026,
        0.3522989749908447,
        0.3463350534439087,
        0.3584561049938202,
        0.34682634472846985,
        0.3464711010456085,
        0.3600669801235199,
        0.3487488329410553,
        0.33792898058891296,
        0.35324373841285706,
        0.35463014245033264,
        0.3527521789073944,
        0.35362014174461365,
        0.3578249514102936,
        0.3418456017971039,
        0.3567078709602356,
        0.34025391936302185,
        0.3563086986541748,
        0.3520757555961609,
        0.35700157284736633,
        0.34987136721611023,
        0.35163208842277527,
        0.35628819465637207,
        0.34862127900123596,
        0.36601492762565613,
        0.35541006922721863,
        0.3436535894870758,
        0.3492080271244049,
        0.35522380471229553,
        0.34494519233703613,
        0.34924933314323425,
        0.3575400412082672,
        0.3531064987182617,
        0.3552975356578827,
        0.34935954213142395,
        0.3379855155944824,
        0.34874287247657776
    ],
    "val_metric": [
        0.0010498047340661287,
        0.26048657298088074,
        0.2703416049480438,
        0.2710840702056885,
        0.2683362066745758
    ]
}